ID,Nama,Email,Instansi,NoHp
A0,qeewq,eqwe@ds.com,adsdas,ads21
A1,2e1we,32eq@dsa.ck,ewds,21321
A2,fds,eqwq@ds.com,4we,432
A3,asdsa,dasdas@dsa.com,safdsa,3213
A4,dssad,das@das.com,ewqewq,2312
A5,qsda,asda@das.com,das,dassda
A6,jnjk,b@jkghjk.bom,hhjg,87654
A7,hgfd,hhjhj@llj.vom,gfdx,8765
A8,iuyitf,cvbn@ujk.com,uytf,iuytf
A9,uhgj,dcjhvj@jb.com,hgjhj,jhgvb987
A10,sfdf,dsfds@fsg.cokm,sf,34
A11,yoga sagygu,gdhd@uyrf.cib,turydfg,0987654
A12,rdhtgdfh,ngfg@hj.gtj,fdg,34565467
A13,ghfgj,fhj2@JY.COM,hjffhj,6565
A14,kunti,kunti.W@mmtc.com,MMTC,0809899999
A15,anung mana coeg,anung@stmm.com,SMTC,kjsajfod
A16,hhsad,asd@jda.com,adsd,asds
A17,dsasad,sadds@kdsa.ci,ads,ads
A18,fsgh,ghhfg@kjhk.hn,hh,786
A19,dzgxfc,bbv@fj.com,hgfhjhj,457476
A20,bbjkb,nm@jhg.voi,kjnjnj,98765
A21,as,Sa@gd.fdfd,ds,sdf32
A22,mumun,mumunadi@gmail.com,manalagi,098096895746521
A23,sad,dsffds@ffsad.dfs,sdf,ffsdf
A24,qweeqw,qweew@fas.cdsa,dasdsa,12331
A25,ads,3eqw@dsa.dqsa,dasdsa,123123
B26,erwfd,sadad@hs.con,eafdsfds,3242332
B27,dwqdwd,ddqwwd@gg.xi,qwqwds,2`33
B28,dwqdwd,ddqwwd@gg.xi,qwqwds,2`33
B29,wqedwd,sadasd@edsak.dads,ewqdas,sadsadw
B30,qewqw,3eqe@ds.ccw,ewdsad,wqe12
B31,qewqw,3eqe@ds.ccw,ewdsad,wqe12
B32,qewqw,3eqe@ds.ccw,ewdsad,wqe12
B33,qewqw,3eqe@ds.ccw,ewdsad,wqe12
B34,qewqw,3eqe@ds.ccw,ewdsad,wqe12
B35,qewqw,3eqe@ds.ccw,ewdsad,wqe12
B36,qewqw,3eqe@ds.ccw,ewdsad,wqe12
B37,qewqw,3eqe@ds.ccw,ewdsad,wqe12
B38,erqeq,asa@dsa.dssd,dsadsad,sadafafa

